{
  "sourcePath": "<C:/absolute-path-to/freertos>",
  ***********
    vendorPath is only necessary if SDK information is not provided OR if you have not moved files IDT modifies from its
    default location. These files can be found in the freertosFileConfiguration section below. Make sure these
    files exist.
  ***********
  "vendorPath": "{{testData.sourcePath}}/vendors/<vendor-name>/boards/<board-name>",
  ***********Remove the SDK section below if you are not using FreeRTOS within an SDK to run tests***************
  "sdkConfiguration": {
    "name": "<sdk-name>",
    "version": "<sdk-version>",
    "path": "<sdk-path>"
  },
  "buildTool": {
    "name": "<your-build-tool-name>",
    "version": "<your-build-tool-version>",
    "command": [
      "<C:/absolute-path-to/build-parallel.bat> {{testData.sourcePath}} {{enableTests}}"
    ]
  },
  "flashTool": {
    "name": "<your-flash-tool-name>",
    "version": "<your-flash-tool-version>",
    "command": [
      "<C:/absolute-path-to/flash-parallel.bat> {{testData.sourcePath}} {{device.connectivity.serialPort}} {{buildImageName}}"
    ],
    "buildImageInfo": {
      "testsImageName": "<tests-image-name>",
      "demosImageName": "<demos-image-name>"
    }
  },
  "clientWifiConfig": {
    "wifiSSID": "<ssid>",
    "wifiPassword": "<passwd>",
    "wifiSecurityType": "eWiFiSecurityOpen | eWiFiSecurityWEP | eWiFiSecurityWPA | eWiFiSecurityWPA2 | eWiFiSecurityWPA3"
  },
  "testWifiConfig": {
    "wifiSSID": "<ssid>",
    "wifiPassword": "<passwd>",
    "wifiSecurityType": "eWiFiSecurityOpen | eWiFiSecurityWEP | eWiFiSecurityWPA | eWiFiSecurityWPA2 | eWiFiSecurityWPA3"
  },
  **********
  This section is used to start echo server based on server certificate generation method,
  When certificateGenerationMethod is set as Automatic specify the eccCurveFormat to generate certifcate and key based on curve format,
  When certificateGenerationMethod is set as Custom specify the certificatePath and PrivateKeyPath to be used to start echo server
  **********
  "echoServerCertificateConfiguration": {
    "certificateGenerationMethod": "Automatic | Custom",
    "customPath": {
      "clientCertificatePath":"<C:/path/to/clientCertificate>",
      "clientPrivateKeyPath": "<C:/path/to/clientPrivateKey>",
      "serverCertificatePath":"<C:/path/to/serverCertificate>",
      "serverPrivateKeyPath": "<C:/path/to/serverPrivateKey>"
    },
    "eccCurveFormat": "P224 | P256 | P384 | P521"
  },
  "echoServerConfiguration": {
    "securePortForSecureSocket": 33333 <secure tcp port used by SecureSockettest, default value is 33333, please make sure the port configured is not blocked by firewall or your corporate network>,
    "insecurePortForSecureSocket": 33334 <insecure tcp port used by SecureSocket test, default value is 33334, please make sure the port configured is not blocked by firewall or your corporate network>,
    "insecurePortForWiFi": 33335 <insecure tcp port used by WiFi test, default value is 33335, please make sure the port configured is not blocked by firewall or your corporate network>
  },
  "otaConfiguration": {
    "otaDemoConfigFilePath": "{{testData.sourcePath}}</relative-path-to/ota-demo-config-header-file>",
    "otaFirmwareFilePath": "{{testData.sourcePath}}</relative-path-to/ota-image-generated-in-build-process>",
    "deviceFirmwareFileName": "<ota-image-name-on-device>",
    "codeSigningConfiguration": {
      "signingMethod": "AWS | Custom",
      "signerHashingAlgorithm": "SHA1 | SHA256",
      "signerSigningAlgorithm": "RSA | ECDSA",
      "signerCertificate": "<arn:partition:service:region:account-id:resource:qualifier> | <C:/absolute-path-to/signer-certificate-file>",
      "signerCertificateFileName": "<signerCertificate-file-name>",
      "compileSignerCertificate": true | false,
      ***********Use signerPlatform if you select aws for signingMethod***************
      "signerPlatform": "AmazonFreeRTOS-Default | AmazonFreeRTOS-TI-CC3220SF",
      "untrustedSignerCertificate": "<arn:partition:service:region:account-id:resourcetype:resource:qualifier>",
      ***********Use signCommand if you select custom for signingMethod***************
      "signCommand": [
        "<C:/absolute-path-to/sign.bat> {{inputImageFilePath}} {{outputSignatureFilePath}}"
      ]
    }
  },
  ***********
  Remove the section below if you have not moved the below files OR have not configured SDK information

  'required' section is only needed if the default paths shown below do not exist. If these files already exist inside
  your vendor path remove this section.

  'optional' section is only needed if you are running OTA tests and the default paths shown below do not exist inside your
  vendor path. If they already exist remove this section.
  **************
  "freertosFileConfiguration": {
    "required": [
      {
        "configName": "pkcs11Config",
        "filePath": "{{testData.sourcePath}}/vendors/<vendor-name>/boards/<board-name>/aws_tests/config_files/iot_pkcs11_config.h"
      },
      {
        "configName": "pkcs11TestConfig",
        "filePath": "{{testData.sourcePath}}/vendors/<vendor-name>/boards/<board-name>/aws_tests/config_files/iot_test_pkcs11_config.h"
      }
    ],
    "optional": [
      {
        "configName": "otaAgentTestsConfig",
        "filePath": "{{testData.sourcePath}}/vendors/<vendor-name>/boards/<board-name>/aws_tests/config_files/aws_ota_agent_config.h"
      },
      {
        "configName": "otaAgentDemosConfig",
        "filePath": "{{testData.sourcePath}}/vendors/<vendor-name>/boards/<board-name>//aws_demos/config_files/aws_ota_agent_config.h"
      }
    ]
  },
  ***********Remove the section below if you are not configuring CMake***************
  "cmakeConfiguration": {
    "boardName": "<board-name>",
    "vendorName": "<vendor-name>",
    "compilerName": "<compiler-name>",
    "frToolchainPath": "<C:/path/to/freertos/toolchain>",
    "cmakeToolchainPath": "<C:/path/to/cmake/toolchain>"
  }
}
